<core:FragmentDefinition xmlns="sap.m" xmlns:core="sap.ui.core" xmlns:l="sap.ui.layout">
    <Dialog id="expandDataDialog" title="SubComponent Inspection " class="sapUiSmallMargin">
        <VBox id="_IDGenVBox" class="sapUiContentPadding sapUiSmallMargin">
            <Table id="expandSubTable"
                width="auto"
                contextualWidth="Auto"
                class="borderedTable"
                mode="SingleSelectMaster"
                sticky="ColumnHeaders"
                noDataText="No Data"
                items="{subMaterialData>/}">
                <columns>
                    <Column id="_IDGenColumn9" class="tLine" width="100px">
                        <Label id="_IDGenLabel9" text="Category" textAlign="Center"/>
                    </Column>
                    <Column id="_IDGenColumn10" width="100px">
                        <Label id="IDGenLabel0" text="Description" textAlign="Center"/>
                    </Column>
                    <Column id="_IDGenColumn11" width="100px">
                        <Label id="_IDGenLabl1" text="Material Code" textAlign="Center"/>
                    </Column>
                    <Column id="_IDGenColumn12" width="100px">
                        <Label id="_IDGenLabl2" text="Quantity" textAlign="Center" required="true"/>
                    </Column>
                     <Column id="ispection" width="100px">
                        <Label id="inspection" text="Status" textAlign="Center" required="true"/>
                    </Column>
                </columns>
                <ColumnListItem id="_istItem22" class="borderedRow">
                    <cells>
                        <Input id="_IDGenxt212" class="inputItem" editable="false" value="{subMaterialData>Category}"/>
                        <Input id="_IDGenText222" editable="false" value="{subMaterialData>Description}"/>
                        <Input id="_IDGenText223" editable="false" value="{subMaterialData>MaterialCode}"/>
                        <Input id="SubQuantityInput2" editable="true" change="quantityChangeSub" value="{subMaterialData>Quantity}"/>
                        <Select
    id="selectStatus2"
    forceSelection="false"
    width="250px"
    class="sapUiSmallMarginEnd"
    selectedKey="{subMaterialData>Status}" 
    change="_onStatusTypeChange"
>
    <core:Item id="_IDGenItem1" key="Can Use" text="Can Use"/>
    <core:Item id="_IDGenItem2" key="Partial" text="Partial"/>
    <core:Item id="_IDGenItem3" key="Cannot Use" text="Cannot Use"/>
</Select>
                    </cells>
                </ColumnListItem>
            </Table>
        </VBox>
        <footer>
            <OverflowToolbar id="overFlowtabFooter">
                <ToolbarSpacer id="_IDGenToolbarSpacer"/>
                <Button id="_IDGenButton1" type="Accept" text="Save" press="onsavesubcomponent"/>
                <Button id="_IDGenButton3" type="Reject" text="Cancel" press="_onCancelCheckinSubFragment"/>
            </OverflowToolbar>
        </footer>
    </Dialog>
</core:FragmentDefinition>
