{
  "Component.js.map": 1729762971318,
  "model/models.js": 1729070795686,
  "controller/StorageLocation3.controller.js": 1729746373550,
  "controller/StorageLocation.controller.js": 1729685907636,
  "controller/MaterialStatus.controller.js": 1729664381719,
  "controller/MaterialGroup.controller.js": 1729667893721,
  "controller/ConfigDashboard.controller.js": 1729070795686,
  "controller/App.controller.js": 1729070795686,
  "manifest.json": 1729762971104,
  "Component.js": 1729070795686,
  "controller/StorageLocation-dbg.controller.js": 1729685907636,
  "controller/StorageLocation.controller.js.map": 1729762971304,
  "controller/StorageLocation3-dbg.controller.js": 1729746373550,
  "controller/StorageLocation3.controller.js.map": 1729762971305,
  "model/models-dbg.js": 1729070795686,
  "model/models.js.map": 1729762971259,
  "controller/MaterialStatus-dbg.controller.js": 1729664381719,
  "controller/MaterialStatus.controller.js.map": 1729762971313,
  "controller/MaterialGroup-dbg.controller.js": 1729667893721,
  "controller/MaterialGroup.controller.js.map": 1729762971321,
  "controller/ConfigDashboard-dbg.controller.js": 1729070795686,
  "controller/ConfigDashboard.controller.js.map": 1729762971313,
  "controller/App-dbg.controller.js": 1729070795686,
  "controller/App.controller.js.map": 1729762971309,
  "Component-dbg.js": 1729070795686,
  "i18n/i18n.properties": 1729761860255,
  "Component-preload.js": 1729762971441,
  "Component-preload.js.map": 1729762971441,
  "view/StorageLocation5.view.xml": 1729147580738,
  "view/StorageLocation.view.xml": 1729745148906,
  "view/MaterialStatus.view.xml": 1729664381719,
  "view/MaterialGroup.view.xml": 1729070795686,
  "view/ConfigDashboard.view.xml": 1729070795686,
  "view/App.view.xml": 1729070795686,
  "css/style.css": 1729667393759,
  "fragments/updateMaterialGroup.fragment.xml": 1729070795686,
  "fragments/updateLocation.fragment.xml": 1729582783913,
  "fragments/createMaterialGroup.fragment.xml": 1729598458587,
  "fragments/addStorageLocation.fragment.xml": 1729588048544,
  "fragments/UpdateMaterialStatus.fragment.xml": 1729596052012,
  "fragments/AddMaterialStatus.fragment.xml": 1729070795686,
  "index.html": 1729070795686
}