<core:FragmentDefinition xmlns:form="sap.ui.layout.form"
    xmlns="sap.m"
    xmlns:core="sap.ui.core">
    <Dialog
        id="addMaterialStatusDialog"
        class="sapUiContentPadding"
        contentWidth="20%"
        contentHeight="25%"
        title="Add Material Status"
        afterClose="handleValueHelpClose1">

        <VBox>
            <Label text="Status Code"></Label>
            <Input id="sfCode" value="{addMaterialStatusModel>/StatusCode}" ></Input>
            <Label text="Staus Description"></Label>
            <Input id="sfDesc" value="{addMaterialStatusModel>/Description}"></Input>
        </VBox>

        <beginButton>
            <Button class="SaveUpdateText" text="Save" type="Accept" press="onSave" />
        </beginButton>
        <endButton>
            <Button text="Cancel" type="Reject" press="handleValueHelpClose1" />
        </endButton>
    </Dialog>
</core:FragmentDefinition>
