<core:FragmentDefinition xmlns:form="sap.ui.layout.form"
    xmlns="sap.m"
    xmlns:core="sap.ui.core">
    <Dialog
        id="addMaterialStatusDialog4"
        class="sapUiContentPadding"
        contentWidth="20%"
        contentHeight="25%"
        title="Create Storage Location"
        afterClose="handleValueHelpClose1">

        <VBox>
            <Label text="Location ID"></Label>
            <Input id="sloc1" value="{slocModel>/LocationID}" ></Input>
            <Label text="Location Name"></Label>
            <Input id="slocName1" value="{slocModel>/LocationName}"></Input>
        </VBox>

        <beginButton>
            <Button class="SaveUpdateText" text="Save" type="Accept" press="onSave" />
        </beginButton>
        <endButton>
            <Button text="Cancel" type="Reject" press="handleValueHelpClose1" />
        </endButton>
    </Dialog>
</core:FragmentDefinition>
